{
	"ImportPath": "github.com/IBM-Cloud/get-started-go",
	"GoVersion": "go1",
	"GodepVersion": "v79",
	"Deps": [
		{
			"ImportPath": "github.com/cloudfoundry-community/go-cfenv",
			"Comment": "v1.14.0-7-gc567d77",
			"Rev": "c567d77dab8551bc4077e68e5a04415f1d74a911"
		},
		{
			"ImportPath": "github.com/gin-gonic/gin",
			"Comment": "v1.1.4",
			"Rev": "e2212d40c62a98b388a5eb48ecbdcf88534688ba"
		},
		{
			"ImportPath": "github.com/gin-gonic/gin/binding",
			"Comment": "v1.1.4",
			"Rev": "e2212d40c62a98b388a5eb48ecbdcf88534688ba"
		},
		{
			"ImportPath": "github.com/gin-gonic/gin/render",
			"Comment": "v1.1.4",
			"Rev": "e2212d40c62a98b388a5eb48ecbdcf88534688ba"
		},
		{
			"ImportPath": "github.com/golang/protobuf/proto",
			"Rev": "8ee79997227bf9b34611aee7946ae64735e6fd93"
		},
		{
			"ImportPath": "github.com/joho/godotenv",
			"Comment": "v1.1",
			"Rev": "726cc8b906e3d31c70a9671c90a13716a8d3f50d"
		},
		{
			"ImportPath": "github.com/manucorporat/sse",
			"Rev": "ee05b128a739a0fb76c7ebd3ae4810c1de808d6d"
		},
		{
			"ImportPath": "github.com/mattn/go-isatty",
			"Rev": "dda3de49cbfcec471bd7a70e6cc01fcc3ff90109"
		},
		{
			"ImportPath": "github.com/mitchellh/mapstructure",
			"Rev": "db1efb556f84b25a0a13a04aad883943538ad2e0"
		},
		{
			"ImportPath": "github.com/timjacobi/go-couchdb",
			"Rev": "5f9d2a1a29e5b126e51255e92f8c420b0c7a60ac"
		},
		{
			"ImportPath": "golang.org/x/net/context",
			"Rev": "b4690f45fa1cafc47b1c280c2e75116efe40cc13"
		},
		{
			"ImportPath": "golang.org/x/sys/unix",
			"Rev": "075e574b89e4c2d22f2286a7e2b919519c6f3547"
		},
		{
			"ImportPath": "gopkg.in/go-playground/validator.v8",
			"Comment": "v8.18.1",
			"Rev": "5f57d2222ad794d0dffb07e664ea05e2ee07d60c"
		},
		{
			"ImportPath": "gopkg.in/yaml.v2",
			"Rev": "a3f3340b5840cee44f372bddb5880fcbc419b46a"
		}
	]
}
